<?xml version="1.0" encoding="UTF-8"?><?xml-stylesheet type='text/xsl' href='_UpgradeReport_Files/UpgradeReport.xslt'?><UpgradeLog>
<Properties><Property Name="Solution" Value="CLRProfiler">
</Property><Property Name="Solution File" Value="C:\CLRProfiler\Sources\CLRProfiler.sln">
</Property><Property Name="Date" Value="Tuesday, June 15, 2010">
</Property><Property Name="Time" Value="12:00 PM">
</Property></Properties><Event ErrorLevel="1" Project="CLRProfiler" Source="CLRProfiler\CLRProfiler.csproj" Description="Your project is targeting .NET Framework 2.0 or 3.0. If your project uses assemblies requiring a newer .NET Framework, your project will fail to build. You can change the .NET Framework version by clicking Properties on the project menu and then selecting a new version in the '.NET Framework' dropdown box. (In Visual Basic, this is located on the Compile tab by clicking the 'Advanced Compiler Options...' button.)">
</Event><Event ErrorLevel="0" Project="CLRProfiler" Source="CLRProfiler\CLRProfiler.csproj" Description="Project converted successfully">
</Event><Event ErrorLevel="3" Project="CLRProfiler" Source="CLRProfiler\CLRProfiler.csproj" Description="Converted">
</Event><Event ErrorLevel="0" Project="ProfilerOBJ" Source="ProfilerOBJ\ProfilerOBJ.vcproj" Description="Converting project file 'C:\CLRProfiler\Sources\ProfilerOBJ\ProfilerOBJ.vcproj'.">
</Event><Event ErrorLevel="1" Project="ProfilerOBJ" Source="ProfilerOBJ\ProfilerOBJ.vcproj" Description="This application has been updated to include settings related to the User Account Control (UAC) feature of Windows Vista. By default, when run on Windows Vista with UAC enabled, this application is marked to run with the same privileges as the process that launched it. This marking also disables the application from running with virtualization. You can change UAC related settings from the Property Pages of the project.">
</Event><Event ErrorLevel="1" Project="ProfilerOBJ" Source="ProfilerOBJ\ProfilerOBJ.vcproj" Description="VCWebServiceProxyGeneratorTool is no longer supported. The tool has been removed from your project settings.">
</Event><Event ErrorLevel="1" Project="ProfilerOBJ" Source="ProfilerOBJ\ProfilerOBJ.vcproj" Description="Attribute 'Detect64BitPortabilityProblems' of 'VCCLCompilerTool' is not supported in this version and has been removed during conversion.">
</Event><Event ErrorLevel="0" Project="ProfilerOBJ" Source="ProfilerOBJ\ProfilerOBJ.vcproj" Description="Web deployment to the local IIS server is no longer supported. The Web Deployment build tool has been removed from your project settings.">
</Event><Event ErrorLevel="1" Project="ProfilerOBJ" Source="ProfilerOBJ\ProfilerOBJ.vcproj" Description="Attribute 'Detect64BitPortabilityProblems' of 'VCCLCompilerTool' is not supported in this version and has been removed during conversion.">
</Event><Event ErrorLevel="1" Project="ProfilerOBJ" Source="ProfilerOBJ\ProfilerOBJ.vcproj" Description="Attribute 'Detect64BitPortabilityProblems' of 'VCCLCompilerTool' is not supported in this version and has been removed during conversion.">
</Event><Event ErrorLevel="1" Project="ProfilerOBJ" Source="ProfilerOBJ\ProfilerOBJ.vcproj" Description="Attribute 'Detect64BitPortabilityProblems' of 'VCCLCompilerTool' is not supported in this version and has been removed during conversion.">
</Event><Event ErrorLevel="1" Project="ProfilerOBJ" Source="ProfilerOBJ\ProfilerOBJ.vcproj" Description="MSB8012: $(TargetPath) ('C:\CLRProfiler\Sources\ProfilerOBJ\..\CLRProfiler\BIN\DEBUG\ProfilerOBJ.dll') does not match the Linker's OutputFile property value '..\CLRProfiler\BIN\DEBUG\ProfilerOBJ.dll' ('C:\CLRProfiler\CLRProfiler\BIN\DEBUG\ProfilerOBJ.dll') in project configuration 'Debug|Win32'. This may cause your project to build incorrectly. To correct this, please make sure that $(TargetPath) property value matches the value specified in %(Link.OutputFile).">
</Event><Event ErrorLevel="1" Project="ProfilerOBJ" Source="ProfilerOBJ\ProfilerOBJ.vcproj" Description="MSB8012: $(TargetPath) ('C:\CLRProfiler\Sources\ProfilerOBJ\..\CLRProfiler\bin\x64\Debug\ProfilerOBJ.dll') does not match the Linker's OutputFile property value '..\CLRProfiler\bin\x64\Debug\ProfilerOBJ.dll' ('C:\CLRProfiler\CLRProfiler\bin\x64\Debug\ProfilerOBJ.dll') in project configuration 'Debug|x64'. This may cause your project to build incorrectly. To correct this, please make sure that $(TargetPath) property value matches the value specified in %(Link.OutputFile).">
</Event><Event ErrorLevel="1" Project="ProfilerOBJ" Source="ProfilerOBJ\ProfilerOBJ.vcproj" Description="MSB8012: $(TargetPath) ('C:\CLRProfiler\Sources\ProfilerOBJ\..\CLRProfiler\BIN\RELEASE\ProfilerOBJ.dll') does not match the Linker's OutputFile property value '..\CLRProfiler\BIN\RELEASE\ProfilerOBJ.dll' ('C:\CLRProfiler\CLRProfiler\BIN\RELEASE\ProfilerOBJ.dll') in project configuration 'Release|Win32'. This may cause your project to build incorrectly. To correct this, please make sure that $(TargetPath) property value matches the value specified in %(Link.OutputFile).">
</Event><Event ErrorLevel="1" Project="ProfilerOBJ" Source="ProfilerOBJ\ProfilerOBJ.vcproj" Description="MSB8012: $(TargetPath) ('C:\CLRProfiler\Sources\ProfilerOBJ\..\CLRProfiler\bin\x64\Release\ProfilerOBJ.dll') does not match the Linker's OutputFile property value '..\CLRProfiler\bin\x64\Release\ProfilerOBJ.dll' ('C:\CLRProfiler\CLRProfiler\bin\x64\Release\ProfilerOBJ.dll') in project configuration 'Release|x64'. This may cause your project to build incorrectly. To correct this, please make sure that $(TargetPath) property value matches the value specified in %(Link.OutputFile).">
</Event><Event ErrorLevel="0" Project="ProfilerOBJ" Source="ProfilerOBJ\ProfilerOBJ.vcproj" Description="Done converting to new project file 'C:\CLRProfiler\Sources\ProfilerOBJ\ProfilerOBJ.vcxproj'.">
</Event><Event ErrorLevel="3" Project="ProfilerOBJ" Source="ProfilerOBJ\ProfilerOBJ.vcproj" Description="Converted">
</Event><Event ErrorLevel="1" Project="CLRProfilerControl" Source="CLRProfilerControl\CLRProfilerControl.csproj" Description="Your project is targeting .NET Framework 2.0 or 3.0. If your project uses assemblies requiring a newer .NET Framework, your project will fail to build. You can change the .NET Framework version by clicking Properties on the project menu and then selecting a new version in the '.NET Framework' dropdown box. (In Visual Basic, this is located on the Compile tab by clicking the 'Advanced Compiler Options...' button.)">
</Event><Event ErrorLevel="0" Project="CLRProfilerControl" Source="CLRProfilerControl\CLRProfilerControl.csproj" Description="Project converted successfully">
</Event><Event ErrorLevel="3" Project="CLRProfilerControl" Source="CLRProfilerControl\CLRProfilerControl.csproj" Description="Converted">
</Event><Event ErrorLevel="0" Project="" Source="CLRProfiler.sln" Description="Solution converted successfully">
</Event><Event ErrorLevel="3" Project="" Source="CLRProfiler.sln" Description="Converted">
</Event><Event ErrorLevel="0" Project="CLRProfiler" Source="CLRProfiler\CLRProfiler.csproj" Description="Scan complete: Upgrade not required for project files.">
</Event><Event ErrorLevel="1" Project="CLRProfiler" Source="CLRProfiler\CLRProfiler.csproj" Description="Could not find rule assembly or directory &quot;C:\Program Files (x86)\Microsoft Visual Studio 8\Team Tools\Static Analysis Tools\FxCop\\rules&quot; specified in CodeAnalysisRuleAssemblies for the &quot;Debug (x64)&quot; configuration. Some rules may not be migrated to the rule set.">
</Event><Event ErrorLevel="0" Project="CLRProfiler" Source="CLRProfiler\CLRProfiler.csproj" Description="Created rule set file &quot;C:\CLRProfiler\Sources\CLRProfiler\Migrated rules for CLRProfiler.ruleset&quot; for the &quot;Debug (x64)&quot; configuration.">
</Event><Event ErrorLevel="0" Project="CLRProfilerControl" Source="CLRProfilerControl\CLRProfilerControl.csproj" Description="Scan complete: Upgrade not required for project files.">
</Event><Event ErrorLevel="1" Project="CLRProfilerControl" Source="CLRProfilerControl\CLRProfilerControl.csproj" Description="Could not find rule assembly or directory &quot;C:\Program Files (x86)\Microsoft Visual Studio 8\Team Tools\Static Analysis Tools\FxCop\\rules&quot; specified in CodeAnalysisRuleAssemblies for the &quot;Debug (x64)&quot; configuration. Some rules may not be migrated to the rule set.">
</Event><Event ErrorLevel="0" Project="CLRProfilerControl" Source="CLRProfilerControl\CLRProfilerControl.csproj" Description="Created rule set file &quot;C:\CLRProfiler\Sources\CLRProfilerControl\Migrated rules for CLRProfilerControl.ruleset&quot; for the &quot;Debug (x64)&quot; configuration.">
</Event></UpgradeLog>