<?xml version="1.0" encoding="UTF-8"?><?xml-stylesheet type='text/xsl' href='_UpgradeReport_Files/UpgradeReport.xslt'?><UpgradeLog>
<Properties><Property Name="Solution" Value="Demos">
</Property><Property Name="Solution File" Value="C:\CLRProfiler\Sources\CLRProfilerControl\Demos\Demos.sln">
</Property><Property Name="Date" Value="Tuesday, June 15, 2010">
</Property><Property Name="Time" Value="12:33 PM">
</Property></Properties><Event ErrorLevel="1" Project="Demo1" Source="Demo1\Demo1.csproj" Description="Your project is targeting .NET Framework 2.0 or 3.0. If your project uses assemblies requiring a newer .NET Framework, your project will fail to build. You can change the .NET Framework version by clicking Properties on the project menu and then selecting a new version in the '.NET Framework' dropdown box. (In Visual Basic, this is located on the Compile tab by clicking the 'Advanced Compiler Options...' button.)">
</Event><Event ErrorLevel="0" Project="Demo1" Source="Demo1\Demo1.csproj" Description="Project converted successfully">
</Event><Event ErrorLevel="3" Project="Demo1" Source="Demo1\Demo1.csproj" Description="Converted">
</Event><Event ErrorLevel="1" Project="Demo2" Source="Demo2\Demo2.csproj" Description="Your project is targeting .NET Framework 2.0 or 3.0. If your project uses assemblies requiring a newer .NET Framework, your project will fail to build. You can change the .NET Framework version by clicking Properties on the project menu and then selecting a new version in the '.NET Framework' dropdown box. (In Visual Basic, this is located on the Compile tab by clicking the 'Advanced Compiler Options...' button.)">
</Event><Event ErrorLevel="0" Project="Demo2" Source="Demo2\Demo2.csproj" Description="Project converted successfully">
</Event><Event ErrorLevel="3" Project="Demo2" Source="Demo2\Demo2.csproj" Description="Converted">
</Event><Event ErrorLevel="1" Project="Demo3" Source="Demo3\Demo3.csproj" Description="Your project is targeting .NET Framework 2.0 or 3.0. If your project uses assemblies requiring a newer .NET Framework, your project will fail to build. You can change the .NET Framework version by clicking Properties on the project menu and then selecting a new version in the '.NET Framework' dropdown box. (In Visual Basic, this is located on the Compile tab by clicking the 'Advanced Compiler Options...' button.)">
</Event><Event ErrorLevel="0" Project="Demo3" Source="Demo3\Demo3.csproj" Description="Project converted successfully">
</Event><Event ErrorLevel="3" Project="Demo3" Source="Demo3\Demo3.csproj" Description="Converted">
</Event><Event ErrorLevel="1" Project="Demo4" Source="Demo4\Demo4.csproj" Description="Your project is targeting .NET Framework 2.0 or 3.0. If your project uses assemblies requiring a newer .NET Framework, your project will fail to build. You can change the .NET Framework version by clicking Properties on the project menu and then selecting a new version in the '.NET Framework' dropdown box. (In Visual Basic, this is located on the Compile tab by clicking the 'Advanced Compiler Options...' button.)">
</Event><Event ErrorLevel="0" Project="Demo4" Source="Demo4\Demo4.csproj" Description="Project converted successfully">
</Event><Event ErrorLevel="3" Project="Demo4" Source="Demo4\Demo4.csproj" Description="Converted">
</Event><Event ErrorLevel="0" Project="" Source="Demos.sln" Description="Solution converted successfully">
</Event><Event ErrorLevel="3" Project="" Source="Demos.sln" Description="Converted">
</Event><Event ErrorLevel="0" Project="Demo1" Source="Demo1\Demo1.csproj" Description="Scan complete: Upgrade not required for project files.">
</Event><Event ErrorLevel="0" Project="Demo2" Source="Demo2\Demo2.csproj" Description="Scan complete: Upgrade not required for project files.">
</Event><Event ErrorLevel="0" Project="Demo3" Source="Demo3\Demo3.csproj" Description="Scan complete: Upgrade not required for project files.">
</Event><Event ErrorLevel="0" Project="Demo4" Source="Demo4\Demo4.csproj" Description="Scan complete: Upgrade not required for project files.">
</Event></UpgradeLog>